Stream Start,Stream End,Duration,Has Error,In Process,Asset Name,Service Type,VOD Pump,QAM,Service Group,MAC Address,Account #,Error Code,Event Category,Stream Type,Bitrate,Trick Plays
"05-May-2018 12:01:10 AM","05-May-2018 12:56:49 AM","0h 55m 39s","true","false","That's My Boy","FOD","EauClaire1",,"euclwi-22057","00:00:03:9A:87:7E","8245114850023844","1062","Not Assigned","V","3120000","7"
"05-May-2018 12:02:36 AM","05-May-2018 01:00:00 AM","0h 57m 24s","true","false","That's My Boy","FOD","EauClaire1",,"rclkwi-39005","00:00:07:50:83:B3","8245114850022895","1062","Not Assigned","V","3120000","1"
"05-May-2018 01:00:09 AM","05-May-2018 01:07:54 AM","0h 7m 45s","true","false","That's My Boy","FOD","EauClaire1",,"euclwi-22057","00:00:03:9A:87:7E","8245114850023844","1062","Not Assigned","V","3120000","8"
"05-May-2018 01:08:42 AM","05-May-2018 01:15:02 AM","0h 6m 20s","true","false","That's My Boy","FOD","EauClaire1",,"euclwi-22057","00:00:03:9A:87:7E","8245114850023844","1062","Not Assigned","V","3120000","15"
"05-May-2018 12:48:36 AM","05-May-2018 01:17:35 AM","0h 28m 59s","true","false","The Chronicles of Narnia: Prince Caspian","STZOD","EauClaire1",,"euclwi-22087","00:00:06:DE:9D:9D","8245114460009860","1062","Not Assigned","V","3120000","1"
"05-May-2018 12:57:54 AM","05-May-2018 01:18:46 AM","0h 20m 52s","true","false","Patriots Day HD","SOD","EauClaire1",,"asdlwi-12010","00:00:07:67:7D:D3","8245114990134261","1062","Not Assigned","V","12500000","1"
"05-May-2018 01:03:29 AM","05-May-2018 01:25:26 AM","0h 21m 57s","true","false","Patriots Day HD","SOD","EauClaire1",,"onlawi-36046","00:00:06:98:37:69","8245114190068525","1062","Not Assigned","V","12500000","3"
"05-May-2018 02:21:01 AM","05-May-2018 02:42:25 AM","0h 21m 24s","true","false","Patriots Day HD","SOD","EauClaire1",,"euclwi-22004","00:00:03:A2:3A:1A","8245114581064992","1062","Not Assigned","V","12500000","2"
"05-May-2018 02:42:40 AM","05-May-2018 02:44:48 AM","0h 2m 8s","true","false","Patriots Day HD","SOD","EauClaire1",,"euclwi-22004","00:00:03:A2:3A:1A","8245114581064992","1062","Not Assigned","V","12500000","13"
"05-May-2018 02:44:58 AM","05-May-2018 03:33:23 AM","0h 48m 25s","true","false","Patriots Day HD","SOD","EauClaire1",,"euclwi-22004","00:00:03:A2:3A:1A","8245114581064992","1062","Not Assigned","V","12500000","30"
"05-May-2018 03:33:39 AM","05-May-2018 03:59:35 AM","0h 25m 56s","true","false","Patriots Day HD","SOD","EauClaire1",,"euclwi-22004","00:00:03:A2:3A:1A","8245114581064992","1062","Not Assigned","V","12500000","11"
"05-May-2018 03:59:59 AM","05-May-2018 04:05:02 AM","0h 5m 3s","true","false","Patriots Day HD","SOD","EauClaire1",,"euclwi-22004","00:00:03:A2:3A:1A","8245114581064992","1062","Not Assigned","V","12500000","11"
"05-May-2018 04:05:10 AM","05-May-2018 04:09:53 AM","0h 4m 43s","true","false","Patriots Day HD","SOD","EauClaire1",,"euclwi-22004","00:00:03:A2:3A:1A","8245114581064992","1062","Not Assigned","V","12500000","7"
"05-May-2018 04:11:27 AM","05-May-2018 04:16:28 AM","0h 5m 1s","true","false","Patriots Day HD","SOD","EauClaire1",,"euclwi-22004","00:00:03:A2:3A:1A","8245114581064992","1062","Not Assigned","V","12500000","16"
"05-May-2018 06:30:25 AM","05-May-2018 06:30:25 AM","0h 0m 0s","true","false","The Croods","FOD","EauClaire1",,"onlawi-36075","00:00:07:3D:45:87","8245114140172641","1062","Not Assigned","V","3120000","1"
"05-May-2018 06:30:30 AM","05-May-2018 06:30:30 AM","0h 0m 0s","true","false","The Croods","FOD","EauClaire1",,"onlawi-36075","00:00:07:3D:45:87","8245114140172641","1062","Not Assigned","V","3120000","1"
"05-May-2018 05:55:31 AM","05-May-2018 06:43:39 AM","0h 48m 8s","true","false","FindingNeverland HD","HHD","EauClaire1",,"euclwi-22091","00:00:03:8B:F9:03","8245114420326644","1062","Not Assigned","V","12500000","1"
"05-May-2018 07:54:58 AM","05-May-2018 07:54:58 AM","0h 0m 0s","true","false","The Croods","FOD","EauClaire1",,"euclwi-22064","00:00:04:D6:F3:91","8245114510047100","1062","Not Assigned","V","3120000","1"
"05-May-2018 07:55:01 AM","05-May-2018 07:55:01 AM","0h 0m 0s","true","false","The Croods","FOD","EauClaire1",,"euclwi-22064","00:00:04:D6:F3:91","8245114510047100","1062","Not Assigned","V","3120000","1"
"05-May-2018 07:55:08 AM","05-May-2018 07:55:08 AM","0h 0m 0s","true","false","The Croods","FOD","EauClaire1",,"euclwi-22064","00:00:04:D6:F3:91","8245114510047100","1062","Not Assigned","V","3120000","1"
"05-May-2018 07:55:33 AM","05-May-2018 07:55:33 AM","0h 0m 0s","true","false","The Croods","FOD","EauClaire1",,"euclwi-22064","00:00:04:D6:F3:91","8245114510047100","1062","Not Assigned","V","3120000","1"
"05-May-2018 08:01:07 AM","05-May-2018 08:01:08 AM","0h 0m 1s","true","false","The Croods","FOD","EauClaire1",,"onlawi-36042","00:00:04:D2:51:B5","8245114140171023","1062","Not Assigned","V","3120000","1"
"05-May-2018 08:01:14 AM","05-May-2018 08:01:14 AM","0h 0m 0s","true","false","The Croods","FOD","EauClaire1",,"onlawi-36042","00:00:04:D2:51:B5","8245114140171023","1062","Not Assigned","V","3120000","1"
"05-May-2018 08:01:22 AM","05-May-2018 08:01:22 AM","0h 0m 0s","true","false","The Croods","FOD","EauClaire1",,"onlawi-36042","00:00:04:D2:51:B5","8245114140171023","1062","Not Assigned","V","3120000","1"
"05-May-2018 08:02:49 AM","05-May-2018 08:02:49 AM","0h 0m 0s","true","false","The Croods","FOD","EauClaire1",,"onlawi-36042","00:00:04:D2:51:B5","8245114140171023","1062","Not Assigned","V","3120000","1"
"05-May-2018 08:03:15 AM","05-May-2018 08:03:16 AM","0h 0m 1s","true","false","The Croods","FOD","EauClaire1",,"onlawi-36042","00:00:04:D2:51:B5","8245114140171023","1062","Not Assigned","V","3120000","1"
"05-May-2018 08:58:58 AM","05-May-2018 08:58:59 AM","0h 0m 1s","true","false","The Croods","FOD","EauClaire1",,"euclwi-22050","00:00:07:76:3C:FA","8245114590199524","1062","Not Assigned","V","3120000","1"
"05-May-2018 09:54:14 AM","05-May-2018 09:54:14 AM","0h 0m 0s","true","false","The Croods","FOD","EauClaire1",,"onlawi-36118","00:00:0A:9D:3F:52","8245115080005451","1062","Not Assigned","V","3120000","1"
"05-May-2018 09:54:25 AM","05-May-2018 09:54:26 AM","0h 0m 1s","true","false","The Croods","FOD","EauClaire1",,"onlawi-36118","00:00:0A:9D:3F:52","8245115080005451","1062","Not Assigned","V","3120000","1"
"05-May-2018 09:54:34 AM","05-May-2018 09:54:34 AM","0h 0m 0s","true","false","The Croods","FOD","EauClaire1",,"onlawi-36118","00:00:0A:9D:3F:52","8245115080005451","1062","Not Assigned","V","3120000","1"
"05-May-2018 10:02:00 AM","05-May-2018 10:02:01 AM","0h 0m 1s","true","false","The Croods","FOD","EauClaire1",,"rclkwi-39020","00:00:07:1C:6A:5D","8245114820049127","1062","Not Assigned","V","3120000","1"
"05-May-2018 10:26:28 AM","05-May-2018 10:33:05 AM","0h 6m 37s","true","false","The Chronicles of Narnia: Prince Caspian","STZOD","EauClaire1",,"rclkwi-39020","00:00:07:1C:6A:5D","8245114820049127","1062","Not Assigned","V","3120000","1"
"05-May-2018 11:13:32 AM","05-May-2018 11:13:32 AM","0h 0m 0s","true","false","The Croods","FOD","EauClaire1",,"euclwi-22065","00:00:05:30:25:5D","8245114581105985","1062","Not Assigned","V","3120000","1"
"05-May-2018 11:13:42 AM","05-May-2018 11:13:42 AM","0h 0m 0s","true","false","The Croods","FOD","EauClaire1",,"euclwi-22065","00:00:05:30:25:5D","8245114581105985","1062","Not Assigned","V","3120000","1"
"05-May-2018 11:14:54 AM","05-May-2018 11:14:54 AM","0h 0m 0s","true","false","The Croods","FOD","EauClaire1",,"euclwi-22065","00:00:05:30:25:5D","8245114581105985","1062","Not Assigned","V","3120000","1"
"05-May-2018 11:52:06 AM","05-May-2018 11:52:06 AM","0h 0m 0s","true","false","The Croods","FOD","EauClaire1",,"onlawi-36066","00:00:07:33:62:D0","8245114280883650","1062","Not Assigned","V","3120000","1"
"05-May-2018 11:52:34 AM","05-May-2018 11:52:34 AM","0h 0m 0s","true","false","The Croods","FOD","EauClaire1",,"onlawi-36066","00:00:07:33:62:D0","8245114280883650","1062","Not Assigned","V","3120000","1"
"05-May-2018 11:52:35 AM","05-May-2018 11:52:35 AM","0h 0m 0s","true","false","The Croods","FOD","EauClaire1",,"onlawi-36066","00:00:07:33:62:D0","8245114280883650","1062","Not Assigned","V","3120000","1"
"05-May-2018 11:52:36 AM","05-May-2018 11:52:36 AM","0h 0m 0s","true","false","The Croods","FOD","EauClaire1",,"onlawi-36066","00:00:07:33:62:D0","8245114280883650","1062","Not Assigned","V","3120000","1"
"05-May-2018 11:52:44 AM","05-May-2018 11:52:44 AM","0h 0m 0s","true","false","The Croods","FOD","EauClaire1",,"onlawi-36066","00:00:07:33:62:D0","8245114280883650","1062","Not Assigned","V","3120000","1"
"05-May-2018 11:01:47 AM","05-May-2018 11:59:10 AM","0h 57m 23s","true","false","That's My Boy","FOD","EauClaire1",,"euclwi-22089","00:00:04:C8:B8:03","8245114450016701","1062","Not Assigned","V","3120000","1"
"05-May-2018 11:42:49 AM","05-May-2018 12:03:41 PM","0h 20m 52s","true","false","Patriots Day HD","SOD","EauClaire1",,"euclwi-22066","00:00:04:D8:1A:F7","8245114580154562","1062","Not Assigned","V","12500000","1"
"05-May-2018 12:11:33 PM","05-May-2018 12:11:33 PM","0h 0m 0s","true","false","The Croods","FOD","EauClaire1",,"onlawi-36097","00:00:01:33:76:0D","8245114280918324","1062","Not Assigned","V","3120000","1"
"05-May-2018 01:15:53 PM","05-May-2018 01:15:53 PM","0h 0m 0s","true","false","The Croods","FOD","EauClaire1",,"euclwi-22080","00:00:04:D2:49:39","8245114480032645","1062","Not Assigned","V","3120000","1"
"05-May-2018 01:15:59 PM","05-May-2018 01:15:59 PM","0h 0m 0s","true","false","The Croods","FOD","EauClaire1",,"euclwi-22080","00:00:04:D2:49:39","8245114480032645","1062","Not Assigned","V","3120000","1"
"05-May-2018 01:16:09 PM","05-May-2018 01:16:09 PM","0h 0m 0s","true","false","The Croods","FOD","EauClaire1",,"euclwi-22080","00:00:04:D2:49:39","8245114480032645","1062","Not Assigned","V","3120000","1"
"05-May-2018 01:16:18 PM","05-May-2018 01:16:18 PM","0h 0m 0s","true","false","The Croods","FOD","EauClaire1",,"euclwi-22080","00:00:04:D2:49:39","8245114480032645","1062","Not Assigned","V","3120000","1"
"05-May-2018 01:16:22 PM","05-May-2018 01:16:22 PM","0h 0m 0s","true","false","The Croods","FOD","EauClaire1",,"euclwi-22080","00:00:04:D2:49:39","8245114480032645","1062","Not Assigned","V","3120000","1"
"05-May-2018 01:16:26 PM","05-May-2018 01:16:26 PM","0h 0m 0s","true","false","The Croods","FOD","EauClaire1",,"euclwi-22080","00:00:04:D2:49:39","8245114480032645","1062","Not Assigned","V","3120000","1"
"05-May-2018 01:10:07 PM","05-May-2018 01:16:55 PM","0h 6m 48s","true","false","Patriots Day HD","SOD","EauClaire1",,"euclwi-22066","00:00:04:D8:1A:F7","8245114580154562","1062","Not Assigned","V","12500000","1"
"05-May-2018 01:17:11 PM","05-May-2018 01:18:11 PM","0h 1m 0s","true","false","Patriots Day HD","SOD","EauClaire1",,"euclwi-22066","00:00:04:D8:1A:F7","8245114580154562","1062","Not Assigned","V","12500000","2"
"05-May-2018 01:19:00 PM","05-May-2018 01:19:00 PM","0h 0m 0s","true","false","The Croods","FOD","EauClaire1",,"euclwi-22080","00:00:04:D2:49:39","8245114480032645","1062","Not Assigned","V","3120000","1"
"05-May-2018 01:19:08 PM","05-May-2018 01:19:09 PM","0h 0m 1s","true","false","The Croods","FOD","EauClaire1",,"euclwi-22080","00:00:04:D2:49:39","8245114480032645","1062","Not Assigned","V","3120000","1"
"05-May-2018 01:18:28 PM","05-May-2018 01:19:11 PM","0h 0m 43s","true","false","Patriots Day HD","SOD","EauClaire1",,"euclwi-22066","00:00:04:D8:1A:F7","8245114580154562","1062","Not Assigned","V","12500000","2"
"05-May-2018 01:24:27 PM","05-May-2018 01:24:27 PM","0h 0m 0s","true","false","The Croods","FOD","EauClaire1",,"euclwi-22019","00:00:06:A5:30:66","8245114581123681","1062","Not Assigned","V","3120000","1"
"05-May-2018 01:43:41 PM","05-May-2018 01:43:41 PM","0h 0m 0s","true","false","The Croods","FOD","EauClaire1",,"rclkwi-39020","00:00:07:1E:0E:84","8245114820049820","1062","Not Assigned","V","3120000","1"
"05-May-2018 01:43:45 PM","05-May-2018 01:43:45 PM","0h 0m 0s","true","false","The Croods","FOD","EauClaire1",,"rclkwi-39020","00:00:07:1E:0E:84","8245114820049820","1062","Not Assigned","V","3120000","1"
"05-May-2018 01:46:34 PM","05-May-2018 01:53:36 PM","0h 7m 2s","true","false","Million $ American Princess 102 HD","FHD","EauClaire1",,"euclwi-22003","00:00:05:1E:5E:18","8245114600031865","1062","Not Assigned","V","12500000","1"
"05-May-2018 01:53:09 PM","05-May-2018 01:53:51 PM","0h 0m 42s","true","false","Patriots Day HD","SOD","EauClaire1",,"euclwi-22066","00:00:04:D8:1A:F7","8245114580154562","1062","Not Assigned","V","12500000","2"
"05-May-2018 01:53:55 PM","05-May-2018 01:54:53 PM","0h 0m 58s","true","false","Million $ American Princess 102 HD","FHD","EauClaire1",,"euclwi-22003","00:00:05:1E:5E:18","8245114600031865","1062","Not Assigned","V","12500000","2"
"05-May-2018 01:54:45 PM","05-May-2018 01:56:43 PM","0h 1m 58s","true","false","Patriots Day HD","SOD","EauClaire1",,"euclwi-22066","00:00:04:D8:1A:F7","8245114580154562","1062","Not Assigned","V","12500000","2"
"05-May-2018 01:38:15 PM","05-May-2018 01:59:07 PM","0h 20m 52s","true","false","Patriots Day HD","SOD","EauClaire1",,"onlawi-36090","00:00:07:50:E4:ED","8245114280774776","1062","Not Assigned","V","12500000","1"
"05-May-2018 02:08:47 PM","05-May-2018 02:09:48 PM","0h 1m 1s","true","false","Million $ American Princess 102 HD","FHD","EauClaire1",,"euclwi-22003","00:00:05:1E:5E:18","8245114600031865","1062","Not Assigned","V","12500000","2"
"05-May-2018 01:59:50 PM","05-May-2018 02:20:42 PM","0h 20m 52s","true","false","Patriots Day HD","SOD","EauClaire1",,"onlawi-36090","00:00:07:50:E4:ED","8245114280774776","1062","Not Assigned","V","12500000","1"
"05-May-2018 02:53:02 PM","05-May-2018 03:12:53 PM","0h 19m 51s","true","false","Patriots Day HD","SOD","EauClaire1",,"onlawi-36021","00:00:04:A8:C3:15","8245114240009602","1062","Not Assigned","V","12500000","2"
"05-May-2018 03:13:09 PM","05-May-2018 03:17:32 PM","0h 4m 23s","true","false","Patriots Day HD","SOD","EauClaire1",,"onlawi-36021","00:00:04:A8:C3:15","8245114240009602","1062","Not Assigned","V","12500000","5"
"05-May-2018 03:35:17 PM","05-May-2018 03:35:17 PM","0h 0m 0s","true","false","The Croods","FOD","EauClaire1",,"asdlwi-12017","00:00:07:35:91:BF","8245115050015324","1062","Not Assigned","V","3120000","1"
"05-May-2018 03:35:29 PM","05-May-2018 03:35:29 PM","0h 0m 0s","true","false","The Croods","FOD","EauClaire1",,"asdlwi-12017","00:00:07:35:91:BF","8245115050015324","1062","Not Assigned","V","3120000","1"
"05-May-2018 03:35:40 PM","05-May-2018 03:35:40 PM","0h 0m 0s","true","false","The Croods","FOD","EauClaire1",,"asdlwi-12017","00:00:07:35:91:BF","8245115050015324","1062","Not Assigned","V","3120000","1"
"05-May-2018 03:36:03 PM","05-May-2018 03:36:03 PM","0h 0m 0s","true","false","The Croods","FOD","EauClaire1",,"asdlwi-12017","00:00:07:35:91:BF","8245115050015324","1062","Not Assigned","V","3120000","1"
"05-May-2018 04:01:39 PM","05-May-2018 04:15:13 PM","0h 13m 34s","true","false","RealHouseAt 1019 HD","FHD","EauClaire1",,"onlawi-36007","00:00:00:EE:F1:BD","8245114000119187","1062","Not Assigned","V","12500000","1"
"05-May-2018 04:15:20 PM","05-May-2018 04:15:20 PM","0h 0m 0s","true","false","The Croods","FOD","EauClaire1",,"hywrwi-28003","00:00:00:21:3F:75","8245114960038039","1062","Not Assigned","V","3120000","1"
"05-May-2018 04:22:53 PM","05-May-2018 04:25:01 PM","0h 2m 8s","true","false","Million $ American Princess 102 HD","FHD","EauClaire1",,"euclwi-22003","00:00:05:1E:5E:18","8245114600031865","1062","Not Assigned","V","12500000","3"
"05-May-2018 05:49:34 PM","05-May-2018 05:49:34 PM","0h 0m 0s","true","false","The Croods","FOD","EauClaire1",,"asdlwi-12014","00:00:07:44:6D:60","8245115020001271","1062","Not Assigned","V","3120000","1"
"05-May-2018 05:49:48 PM","05-May-2018 05:49:48 PM","0h 0m 0s","true","false","The Croods","FOD","EauClaire1",,"asdlwi-12014","00:00:07:44:6D:60","8245115020001271","1062","Not Assigned","V","3120000","1"
"05-May-2018 05:52:00 PM","05-May-2018 05:52:00 PM","0h 0m 0s","true","false","The Croods","FOD","EauClaire1",,"asdlwi-12014","00:00:07:44:6D:60","8245115020001271","1062","Not Assigned","V","3120000","1"
"05-May-2018 06:13:29 PM","05-May-2018 06:13:29 PM","0h 0m 0s","true","false","The Croods","FOD","EauClaire1",,"rclkwi-39019","00:00:05:42:C4:9B","8245114800166255","1062","Not Assigned","V","3120000","1"
"05-May-2018 06:02:41 PM","05-May-2018 06:52:34 PM","0h 49m 53s","true","false","FindingNeverland HD","HHD","EauClaire1",,"onlawi-36097","00:00:01:4F:F2:AE","8245114280474120","1062","Not Assigned","V","12500000","2"
"05-May-2018 06:33:34 PM","05-May-2018 06:54:26 PM","0h 20m 52s","true","false","Patriots Day HD","SOD","EauClaire1",,"euclwi-22037","00:00:06:DF:C8:54","8245114590099468","1062","Not Assigned","V","12500000","1"
"05-May-2018 06:56:42 PM","05-May-2018 06:56:42 PM","0h 0m 0s","true","false","The Croods","FOD","EauClaire1",,"euclwi-22019","00:00:01:4F:BD:30","8245114580772413","1062","Not Assigned","V","3120000","1"
"05-May-2018 06:57:15 PM","05-May-2018 06:57:16 PM","0h 0m 1s","true","false","The Croods","FOD","EauClaire1",,"euclwi-22019","00:00:01:4F:BD:30","8245114580772413","1062","Not Assigned","V","3120000","1"
"05-May-2018 06:53:06 PM","05-May-2018 06:57:49 PM","0h 4m 43s","true","false","FindingNeverland HD","HHD","EauClaire1",,"onlawi-36097","00:00:01:4F:F2:AE","8245114280474120","1062","Not Assigned","V","12500000","7"
"05-May-2018 06:55:03 PM","05-May-2018 06:59:06 PM","0h 4m 3s","true","false","Patriots Day HD","SOD","EauClaire1",,"euclwi-22037","00:00:06:DF:C8:54","8245114590099468","1062","Not Assigned","V","12500000","4"
"05-May-2018 07:05:56 PM","05-May-2018 07:05:57 PM","0h 0m 1s","true","false","The Croods","FOD","EauClaire1",,"euclwi-22086","00:00:07:2C:A3:42","8245114420137603","1062","Not Assigned","V","3120000","1"
"05-May-2018 07:06:02 PM","05-May-2018 07:06:02 PM","0h 0m 0s","true","false","The Croods","FOD","EauClaire1",,"euclwi-22086","00:00:07:2C:A3:42","8245114420137603","1062","Not Assigned","V","3120000","1"
"05-May-2018 07:06:06 PM","05-May-2018 07:06:06 PM","0h 0m 0s","true","false","The Croods","FOD","EauClaire1",,"euclwi-22086","00:00:07:2C:A3:42","8245114420137603","1062","Not Assigned","V","3120000","1"
"05-May-2018 07:06:36 PM","05-May-2018 07:06:36 PM","0h 0m 0s","true","false","The Croods","FOD","EauClaire1",,"euclwi-22086","00:00:07:2C:A3:42","8245114420137603","1062","Not Assigned","V","3120000","1"
"05-May-2018 06:59:41 PM","05-May-2018 07:07:13 PM","0h 7m 32s","true","false","Million $ American Princess 102 HD","FHD","EauClaire1",,"euclwi-22003","00:00:05:1E:5E:18","8245114600031865","1062","Not Assigned","V","12500000","4"
"05-May-2018 07:07:23 PM","05-May-2018 07:07:23 PM","0h 0m 0s","true","false","The Croods","FOD","EauClaire1",,"euclwi-22002","00:00:07:58:09:E4","8245114580982814","1062","Not Assigned","V","3120000","1"
"05-May-2018 07:15:16 PM","05-May-2018 07:15:16 PM","0h 0m 0s","true","false","The Croods","FOD","EauClaire1",,"euclwi-22002","00:00:07:58:09:E4","8245114580982814","1062","Not Assigned","V","3120000","1"
"05-May-2018 07:23:32 PM","05-May-2018 07:23:32 PM","0h 0m 0s","true","false","The Croods","FOD","EauClaire1",,"euclwi-22071","00:00:07:2F:02:89","8245114581084214","1062","Not Assigned","V","3120000","1"
"05-May-2018 07:23:38 PM","05-May-2018 07:23:38 PM","0h 0m 0s","true","false","The Croods","FOD","EauClaire1",,"euclwi-22071","00:00:07:2F:02:89","8245114581084214","1062","Not Assigned","V","3120000","1"
"05-May-2018 07:23:40 PM","05-May-2018 07:23:40 PM","0h 0m 0s","true","false","The Croods","FOD","EauClaire1",,"euclwi-22071","00:00:07:2F:02:89","8245114581084214","1062","Not Assigned","V","3120000","1"
"05-May-2018 07:23:41 PM","05-May-2018 07:23:42 PM","0h 0m 1s","true","false","The Croods","FOD","EauClaire1",,"euclwi-22071","00:00:07:2F:02:89","8245114581084214","1062","Not Assigned","V","3120000","1"
"05-May-2018 07:23:46 PM","05-May-2018 07:23:46 PM","0h 0m 0s","true","false","The Croods","FOD","EauClaire1",,"euclwi-22071","00:00:07:2F:02:89","8245114581084214","1062","Not Assigned","V","3120000","1"
"05-May-2018 07:22:10 PM","05-May-2018 07:25:18 PM","0h 3m 8s","true","false","Westworld S2: 02 HD","HHD","Madison1",,"dgvlwi-18008","00:00:07:44:11:89","8245117310005343","1062","Not Assigned","V","12500000","1"
"05-May-2018 07:37:54 PM","05-May-2018 07:40:55 PM","0h 3m 1s","true","false","Scooby: When the Cicada Calls","FOD","Madison1",,"ftbgwi-25002","00:00:07:4A:68:1B","8245117650453160","1062","Not Assigned","V","3120000","1"
"05-May-2018 07:45:44 PM","05-May-2018 07:45:45 PM","0h 0m 1s","true","false","The Croods","FOD","EauClaire1",,"onlawi-36023","00:00:07:2C:2B:3A","8245114190068350","1062","Not Assigned","V","3120000","1"
"05-May-2018 07:45:53 PM","05-May-2018 07:45:53 PM","0h 0m 0s","true","false","The Croods","FOD","EauClaire1",,"onlawi-36023","00:00:07:2C:2B:3A","8245114190068350","1062","Not Assigned","V","3120000","1"
"05-May-2018 07:46:00 PM","05-May-2018 07:46:00 PM","0h 0m 0s","true","false","The Croods","FOD","EauClaire1",,"onlawi-36023","00:00:07:2C:2B:3A","8245114190068350","1062","Not Assigned","V","3120000","1"
"05-May-2018 07:46:22 PM","05-May-2018 07:46:22 PM","0h 0m 0s","true","false","The Croods","FOD","EauClaire1",,"onlawi-36023","00:00:07:2C:2B:3A","8245114190068350","1062","Not Assigned","V","3120000","1"
"05-May-2018 07:44:49 PM","05-May-2018 07:47:55 PM","0h 3m 6s","true","false","Your Mother and Mine","FOD","Janesville1",,"beltwi-14014","00:00:10:76:BE:BF","8245116370445845","1062","Not Assigned","V","3120000","1"
"05-May-2018 07:47:55 PM","05-May-2018 07:47:55 PM","0h 0m 0s","true","false","The Croods","FOD","EauClaire1",,"onlawi-36023","00:00:07:2C:2B:3A","8245114190068350","1062","Not Assigned","V","3120000","1"
"05-May-2018 07:47:59 PM","05-May-2018 07:48:00 PM","0h 0m 1s","true","false","The Croods","FOD","EauClaire1",,"onlawi-36023","00:00:07:2C:2B:3A","8245114190068350","1062","Not Assigned","V","3120000","1"
"05-May-2018 07:45:05 PM","05-May-2018 07:48:06 PM","0h 3m 1s","true","false","Little Women: LA S7 Ep07","FOD","Madison1",,"fmhewi-33042","00:00:00:EB:07:52","8245117680001062","1062","Not Assigned","V","3750000","1"
"05-May-2018 07:48:07 PM","05-May-2018 07:48:07 PM","0h 0m 0s","true","false","The Croods","FOD","EauClaire1",,"onlawi-36023","00:00:07:2C:2B:3A","8245114190068350","1062","Not Assigned","V","3120000","1"
"05-May-2018 07:51:13 PM","05-May-2018 07:54:13 PM","0h 3m 0s","true","false","Genius 202","FOD","FondduLac1",,"shbywi-43031","00:00:04:A3:A7:96","8245111340008229","1062","Not Assigned","V","3120000","1"
"05-May-2018 07:54:50 PM","05-May-2018 07:57:54 PM","0h 3m 4s","true","false","Blue Bloods 04-27 HD","FHD","FondduLac1",,"wbndwi-51024","00:00:13:F4:F1:8B","8245110690003046","1062","Not Assigned","V","12500000","1"
"05-May-2018 07:46:25 PM","05-May-2018 08:07:51 PM","0h 21m 26s","true","false","Patriots Day HD","SOD","EauClaire1",,"onlawi-36059","00:00:05:03:DC:09","8245114000016136","1062","Not Assigned","V","12500000","2"
"05-May-2018 08:10:14 PM","05-May-2018 08:10:14 PM","0h 0m 0s","true","false","The Croods","FOD","EauClaire1",,"onlawi-36066","00:00:07:33:62:D0","8245114280883650","1062","Not Assigned","V","3120000","1"
"05-May-2018 08:10:16 PM","05-May-2018 08:10:16 PM","0h 0m 0s","true","false","The Croods","FOD","EauClaire1",,"onlawi-36066","00:00:07:33:62:D0","8245114280883650","1062","Not Assigned","V","3120000","1"
"05-May-2018 08:18:09 PM","05-May-2018 08:18:09 PM","0h 0m 0s","true","false","The Croods","FOD","EauClaire1",,"rclkwi-39023","00:00:03:9E:21:8F",,"1062","Not Assigned","V","3120000","1"
"05-May-2018 08:18:17 PM","05-May-2018 08:18:17 PM","0h 0m 0s","true","false","The Croods","FOD","EauClaire1",,"rclkwi-39023","00:00:03:9E:21:8F",,"1062","Not Assigned","V","3120000","1"
"05-May-2018 08:18:26 PM","05-May-2018 08:18:27 PM","0h 0m 1s","true","false","The Croods","FOD","EauClaire1",,"rclkwi-39023","00:00:03:9E:21:8F",,"1062","Not Assigned","V","3120000","1"
"05-May-2018 08:25:29 PM","05-May-2018 08:25:29 PM","0h 0m 0s","true","false","The Croods","FOD","EauClaire1",,"hywrwi-28003","00:00:00:21:3F:75","8245114960038039","1062","Not Assigned","V","3120000","1"
"05-May-2018 08:07:02 PM","05-May-2018 08:27:55 PM","0h 20m 53s","true","false","Patriots Day HD","SOD","EauClaire1",,"hywrwi-28010","00:00:07:30:57:65","8245114950045531","1062","Not Assigned","V","12500000","1"
"05-May-2018 08:28:04 PM","05-May-2018 08:30:49 PM","0h 2m 45s","true","false","Patriots Day HD","SOD","EauClaire1",,"hywrwi-28010","00:00:07:30:57:65","8245114950045531","1062","Not Assigned","V","12500000","17"
"05-May-2018 08:36:30 PM","05-May-2018 08:38:11 PM","0h 1m 41s","true","false","Patriots Day HD","SOD","EauClaire1",,"hywrwi-28010","00:00:07:30:57:65","8245114950045531","1062","Not Assigned","V","12500000","16"
"05-May-2018 08:38:26 PM","05-May-2018 08:40:31 PM","0h 2m 5s","true","false","Patriots Day HD","SOD","EauClaire1",,"hywrwi-28010","00:00:07:30:57:65","8245114950045531","1062","Not Assigned","V","12500000","11"
"05-May-2018 08:52:23 PM","05-May-2018 08:52:24 PM","0h 0m 1s","true","false","The Croods","FOD","EauClaire1",,"euclwi-22074","00:00:06:DF:2E:E6","8245114581133839","1062","Not Assigned","V","3120000","1"
"05-May-2018 08:52:37 PM","05-May-2018 08:52:37 PM","0h 0m 0s","true","false","The Croods","FOD","EauClaire1",,"euclwi-22074","00:00:06:DF:2E:E6","8245114581133839","1062","Not Assigned","V","3120000","1"
"05-May-2018 08:52:38 PM","05-May-2018 08:52:38 PM","0h 0m 0s","true","false","The Croods","FOD","EauClaire1",,"euclwi-22074","00:00:06:DF:2E:E6","8245114581133839","1062","Not Assigned","V","3120000","1"
"05-May-2018 07:55:41 PM","05-May-2018 08:53:05 PM","0h 57m 24s","true","false","That's My Boy","FOD","EauClaire1",,"asdlwi-12017","00:00:0A:9D:3D:87","8245115050015324","1062","Not Assigned","V","3120000","1"
"05-May-2018 08:56:50 PM","05-May-2018 08:56:50 PM","0h 0m 0s","true","false","The Croods","FOD","EauClaire1",,"onlawi-36023","00:00:07:2C:2B:3A","8245114190068350","1062","Not Assigned","V","3120000","1"
"05-May-2018 08:56:54 PM","05-May-2018 08:56:54 PM","0h 0m 0s","true","false","The Croods","FOD","EauClaire1",,"onlawi-36023","00:00:07:2C:2B:3A","8245114190068350","1062","Not Assigned","V","3120000","1"
"05-May-2018 08:09:04 PM","05-May-2018 08:59:16 PM","0h 50m 12s","true","false","Patriots Day HD","SOD","EauClaire1",,"onlawi-36059","00:00:05:03:DC:09","8245114000016136","1062","Not Assigned","V","12500000","22"
"05-May-2018 08:46:43 PM","05-May-2018 09:07:35 PM","0h 20m 52s","true","false","Patriots Day HD","SOD","EauClaire1",,"onlawi-36088","00:00:04:A4:E5:88","8245114320092304","1062","Not Assigned","V","12500000","1"
"05-May-2018 09:04:45 PM","05-May-2018 09:07:53 PM","0h 3m 8s","true","false","Vanderpump 619 HD","FHD","EauClaire1",,"euclwi-22004","00:00:07:6B:CE:CE","8245114680009880","1062","Not Assigned","V","12500000","1"
"05-May-2018 09:05:15 PM","05-May-2018 09:08:21 PM","0h 3m 6s","true","false","John Wick 2 HD","HHD","FondduLac1",,"fdulwi-23049","00:00:07:2A:B8:B6","8245110010034689","1062","Not Assigned","V","12500000","1"
"05-May-2018 09:09:20 PM","05-May-2018 09:09:20 PM","0h 0m 0s","true","false","The Croods","FOD","EauClaire1",,"rclkwi-39019","00:00:05:42:C4:9B","8245114800166255","1062","Not Assigned","V","3120000","1"
"05-May-2018 09:10:35 PM","05-May-2018 09:13:37 PM","0h 3m 2s","true","false","The Resident 112 HD","FHD","Madison1",,"prrewi-38022","00:00:00:92:9D:18","8245116811523580","1062","Not Assigned","V","15000000","1"
"05-May-2018 09:16:19 PM","05-May-2018 09:16:19 PM","0h 0m 0s","true","false","The Croods","FOD","EauClaire1",,"euclwi-22047","00:00:06:E3:6A:E3","8245114620025624","1062","Not Assigned","V","3120000","1"
"05-May-2018 09:16:20 PM","05-May-2018 09:16:20 PM","0h 0m 0s","true","false","The Croods","FOD","EauClaire1",,"euclwi-22047","00:00:06:E3:6A:E3","8245114620025624","1062","Not Assigned","V","3120000","1"
"05-May-2018 09:00:49 PM","05-May-2018 09:21:41 PM","0h 20m 52s","true","false","Patriots Day HD","SOD","EauClaire1",,"onlawi-36103","00:00:02:60:B0:28","8245114280896926","1062","Not Assigned","V","12500000","1"
"05-May-2018 09:21:48 PM","05-May-2018 09:25:57 PM","0h 4m 9s","true","false","Patriots Day HD","SOD","EauClaire1",,"onlawi-36103","00:00:02:60:B0:28","8245114280896926","1062","Not Assigned","V","12500000","21"
"05-May-2018 09:05:15 PM","05-May-2018 09:26:07 PM","0h 20m 52s","true","false","Patriots Day HD","SOD","EauClaire1",,"hywrwi-28015","00:00:04:B1:27:13","8245114950046463","1062","Not Assigned","V","12500000","1"
"05-May-2018 09:27:36 PM","05-May-2018 09:27:36 PM","0h 0m 0s","true","false","The Croods","FOD","EauClaire1",,"onlawi-36003","00:00:07:3B:1F:42","8245114320254888","1062","Not Assigned","V","3120000","1"
"05-May-2018 09:27:42 PM","05-May-2018 09:27:43 PM","0h 0m 1s","true","false","The Croods","FOD","EauClaire1",,"onlawi-36003","00:00:07:3B:1F:42","8245114320254888","1062","Not Assigned","V","3120000","1"
"05-May-2018 09:27:46 PM","05-May-2018 09:27:47 PM","0h 0m 1s","true","false","The Croods","FOD","EauClaire1",,"onlawi-36003","00:00:07:3B:1F:42","8245114320254888","1062","Not Assigned","V","3120000","1"
"05-May-2018 09:27:53 PM","05-May-2018 09:27:53 PM","0h 0m 0s","true","false","The Croods","FOD","EauClaire1",,"onlawi-36003","00:00:07:3B:1F:42","8245114320254888","1062","Not Assigned","V","3120000","1"
"05-May-2018 09:27:57 PM","05-May-2018 09:27:57 PM","0h 0m 0s","true","false","The Croods","FOD","EauClaire1",,"onlawi-36003","00:00:07:3B:1F:42","8245114320254888","1062","Not Assigned","V","3120000","1"
"05-May-2018 09:28:25 PM","05-May-2018 09:28:26 PM","0h 0m 1s","true","false","The Croods","FOD","EauClaire1",,"onlawi-36003","00:00:07:3B:1F:42","8245114320254888","1062","Not Assigned","V","3120000","1"
"05-May-2018 09:12:44 PM","05-May-2018 09:33:06 PM","0h 20m 22s","true","false","Patriots Day HD","SOD","EauClaire1",,"euclwi-22033","00:00:07:5C:CB:DB","8245114590222516","1062","Not Assigned","V","12500000","2"
"05-May-2018 09:33:16 PM","05-May-2018 09:35:57 PM","0h 2m 41s","true","false","Patriots Day HD","SOD","EauClaire1",,"euclwi-22033","00:00:07:5C:CB:DB","8245114590222516","1062","Not Assigned","V","12500000","18"
"05-May-2018 09:35:19 PM","05-May-2018 09:38:28 PM","0h 3m 9s","true","false","Young Sheldon 04-05 HD","FHD","Madison1",,"dgvlwi-18013","00:00:02:DD:69:C3","8245117420006280","1062","Not Assigned","V","12500000","1"
"05-May-2018 09:44:53 PM","05-May-2018 09:44:53 PM","0h 0m 0s","true","false","The Croods","FOD","EauClaire1",,"euclwi-22019","00:00:01:4F:BD:30","8245114580772413","1062","Not Assigned","V","3120000","1"
"05-May-2018 09:45:10 PM","05-May-2018 09:45:11 PM","0h 0m 1s","true","false","The Croods","FOD","EauClaire1",,"euclwi-22002","00:00:07:58:09:E4","8245114580982814","1062","Not Assigned","V","3120000","1"
"05-May-2018 09:31:13 PM","05-May-2018 09:52:05 PM","0h 20m 52s","true","false","Patriots Day HD","SOD","EauClaire1",,"onlawi-36075","00:00:07:2E:39:EC","8245114140162576","1062","Not Assigned","V","12500000","1"
"05-May-2018 09:53:04 PM","05-May-2018 09:56:06 PM","0h 3m 2s","true","false","Varsity Blues","STZOD","FondduLac1",,"shbywi-43003","00:00:04:94:66:87","8245111330061188","1062","Not Assigned","V","3120000","1"
"05-May-2018 10:00:55 PM","05-May-2018 10:00:55 PM","0h 0m 0s","true","false","The Croods","FOD","EauClaire1",,"euclwi-22091","00:00:04:F0:8A:36","8245114420310242","1062","Not Assigned","V","3120000","1"
"05-May-2018 10:01:48 PM","05-May-2018 10:01:49 PM","0h 0m 1s","true","false","The Croods","FOD","EauClaire1",,"euclwi-22091","00:00:04:F0:8A:36","8245114420310242","1062","Not Assigned","V","3120000","1"
"05-May-2018 10:01:52 PM","05-May-2018 10:01:52 PM","0h 0m 0s","true","false","The Croods","FOD","EauClaire1",,"euclwi-22091","00:00:04:F0:8A:36","8245114420310242","1062","Not Assigned","V","3120000","1"
"05-May-2018 10:01:56 PM","05-May-2018 10:01:56 PM","0h 0m 0s","true","false","The Croods","FOD","EauClaire1",,"euclwi-22091","00:00:04:F0:8A:36","8245114420310242","1062","Not Assigned","V","3120000","1"
"05-May-2018 10:01:57 PM","05-May-2018 10:01:57 PM","0h 0m 0s","true","false","The Croods","FOD","EauClaire1",,"euclwi-22091","00:00:04:F0:8A:36","8245114420310242","1062","Not Assigned","V","3120000","1"
"05-May-2018 10:01:58 PM","05-May-2018 10:01:58 PM","0h 0m 0s","true","false","The Croods","FOD","EauClaire1",,"euclwi-22091","00:00:04:F0:8A:36","8245114420310242","1062","Not Assigned","V","3120000","1"
"05-May-2018 10:02:21 PM","05-May-2018 10:02:22 PM","0h 0m 1s","true","false","The Croods","FOD","EauClaire1",,"euclwi-22012","00:00:03:C3:40:19","8245114581006936","1062","Not Assigned","V","3120000","1"
"05-May-2018 10:02:48 PM","05-May-2018 10:02:48 PM","0h 0m 0s","true","false","The Croods","FOD","EauClaire1",,"euclwi-22012","00:00:03:C3:40:19","8245114581006936","1062","Not Assigned","V","3120000","1"
"05-May-2018 10:03:11 PM","05-May-2018 10:03:11 PM","0h 0m 0s","true","false","The Croods","FOD","EauClaire1",,"euclwi-22012","00:00:03:C3:40:19","8245114581006936","1062","Not Assigned","V","3120000","1"
"05-May-2018 10:03:34 PM","05-May-2018 10:03:34 PM","0h 0m 0s","true","false","The Croods","FOD","EauClaire1",,"euclwi-22012","00:00:03:C3:40:19","8245114581006936","1062","Not Assigned","V","3120000","1"
"05-May-2018 10:04:05 PM","05-May-2018 10:04:06 PM","0h 0m 1s","true","false","The Croods","FOD","EauClaire1",,"euclwi-22012","00:00:03:C3:40:19","8245114581006936","1062","Not Assigned","V","3120000","1"
"05-May-2018 10:04:25 PM","05-May-2018 10:04:25 PM","0h 0m 0s","true","false","The Croods","FOD","EauClaire1",,"euclwi-22012","00:00:03:C3:40:19","8245114581006936","1062","Not Assigned","V","3120000","1"
"05-May-2018 10:04:53 PM","05-May-2018 10:04:53 PM","0h 0m 0s","true","false","The Croods","FOD","EauClaire1",,"euclwi-22012","00:00:03:C3:40:19","8245114581006936","1062","Not Assigned","V","3120000","1"
"05-May-2018 09:22:17 PM","05-May-2018 10:10:25 PM","0h 48m 8s","true","false","FindingNeverland HD","HHD","EauClaire1",,"onlawi-36085","00:00:00:EB:07:41","8245114040050574","1062","Not Assigned","V","12500000","1"
"05-May-2018 09:26:02 PM","05-May-2018 10:11:23 PM","0h 45m 21s","true","false","Patriots Day HD","SOD","EauClaire1",,"onlawi-36103","00:00:02:60:B0:28","8245114280896926","1062","Not Assigned","V","12500000","11"
"05-May-2018 10:13:01 PM","05-May-2018 10:13:02 PM","0h 0m 1s","true","false","The Croods","FOD","EauClaire1",,"onlawi-36084","00:00:03:A1:2E:8E","8245114040083740","1062","Not Assigned","V","3120000","1"
"05-May-2018 10:13:11 PM","05-May-2018 10:13:12 PM","0h 0m 1s","true","false","The Croods","FOD","EauClaire1",,"onlawi-36084","00:00:03:A1:2E:8E","8245114040083740","1062","Not Assigned","V","3120000","1"
"05-May-2018 09:36:11 PM","05-May-2018 10:18:49 PM","0h 42m 38s","true","false","Patriots Day HD","SOD","EauClaire1",,"euclwi-22033","00:00:07:5C:CB:DB","8245114590222516","1062","Not Assigned","V","12500000","7"
"05-May-2018 10:28:22 PM","05-May-2018 10:28:22 PM","0h 0m 0s","true","false","The Croods","FOD","EauClaire1",,"onlawi-36076","00:00:04:D5:2F:04","8245114180004142","1062","Not Assigned","V","3120000","1"
"05-May-2018 10:19:03 PM","05-May-2018 10:39:36 PM","0h 20m 33s","true","false","Patriots Day HD","SOD","EauClaire1",,"euclwi-22033","00:00:07:5C:CB:DB","8245114590222516","1062","Not Assigned","V","12500000","11"
"05-May-2018 09:53:43 PM","05-May-2018 10:51:06 PM","0h 57m 23s","true","false","That's My Boy","FOD","EauClaire1",,"rclkwi-39011","00:00:41:93:F5:28","8245114820029038","1062","Not Assigned","V","3120000","1"
"05-May-2018 11:01:06 PM","05-May-2018 11:01:07 PM","0h 0m 1s","true","false","The Croods","FOD","EauClaire1",,"asdlwi-12005","00:00:07:33:63:9E","8245114990138858","1062","Not Assigned","V","3120000","1"
"05-May-2018 11:01:22 PM","05-May-2018 11:01:23 PM","0h 0m 1s","true","false","The Croods","FOD","EauClaire1",,"asdlwi-12005","00:00:07:33:63:9E","8245114990138858","1062","Not Assigned","V","3120000","1"
"05-May-2018 11:09:02 PM","05-May-2018 11:09:02 PM","0h 0m 0s","true","false","The Croods","FOD","EauClaire1",,"rclkwi-39004","00:00:07:30:85:07","8245114910062378","1062","Not Assigned","V","3120000","1"
"05-May-2018 11:09:08 PM","05-May-2018 11:09:08 PM","0h 0m 0s","true","false","The Croods","FOD","EauClaire1",,"rclkwi-39004","00:00:07:30:85:07","8245114910062378","1062","Not Assigned","V","3120000","1"
"05-May-2018 11:09:09 PM","05-May-2018 11:09:09 PM","0h 0m 0s","true","false","The Croods","FOD","EauClaire1",,"rclkwi-39004","00:00:07:30:85:07","8245114910062378","1062","Not Assigned","V","3120000","1"
"05-May-2018 11:12:11 PM","05-May-2018 11:12:11 PM","0h 0m 0s","true","false","The Croods","FOD","EauClaire1",,"euclwi-22074","00:00:0A:9D:8E:1E","8245114581138655","1062","Not Assigned","V","3120000","1"
"05-May-2018 11:19:13 PM","05-May-2018 11:19:13 PM","0h 0m 0s","true","false","The Croods","FOD","EauClaire1",,"onlawi-36084","00:00:03:A1:2E:8E","8245114040083740","1062","Not Assigned","V","3120000","1"
"05-May-2018 11:19:14 PM","05-May-2018 11:19:14 PM","0h 0m 0s","true","false","The Croods","FOD","EauClaire1",,"onlawi-36084","00:00:03:A1:2E:8E","8245114040083740","1062","Not Assigned","V","3120000","1"
"05-May-2018 11:28:01 PM","05-May-2018 11:28:01 PM","0h 0m 0s","true","false","The Croods","FOD","EauClaire1",,"onlawi-36084","00:00:03:A1:2E:8E","8245114040083740","1062","Not Assigned","V","3120000","1"
"05-May-2018 11:28:10 PM","05-May-2018 11:28:10 PM","0h 0m 0s","true","false","The Croods","FOD","EauClaire1",,"onlawi-36084","00:00:03:A1:2E:8E","8245114040083740","1062","Not Assigned","V","3120000","1"
"05-May-2018 11:28:16 PM","05-May-2018 11:28:17 PM","0h 0m 1s","true","false","The Croods","FOD","EauClaire1",,"onlawi-36084","00:00:03:A1:2E:8E","8245114040083740","1062","Not Assigned","V","3120000","1"
"05-May-2018 11:28:20 PM","05-May-2018 11:28:20 PM","0h 0m 0s","true","false","The Croods","FOD","EauClaire1",,"onlawi-36084","00:00:03:A1:2E:8E","8245114040083740","1062","Not Assigned","V","3120000","1"
"05-May-2018 11:29:24 PM","05-May-2018 11:29:24 PM","0h 0m 0s","true","false","The Croods","FOD","EauClaire1",,"onlawi-36084","00:00:03:A1:2E:8E","8245114040083740","1062","Not Assigned","V","3120000","1"
"05-May-2018 11:29:35 PM","05-May-2018 11:29:35 PM","0h 0m 0s","true","false","The Croods","FOD","EauClaire1",,"onlawi-36084","00:00:03:A1:2E:8E","8245114040083740","1062","Not Assigned","V","3120000","1"
"05-May-2018 11:30:52 PM","05-May-2018 11:30:52 PM","0h 0m 0s","true","false","The Croods","FOD","EauClaire1",,"onlawi-36084","00:00:03:A1:2E:8E","8245114040083740","1062","Not Assigned","V","3120000","1"
"05-May-2018 11:07:49 PM","05-May-2018 11:33:36 PM","0h 25m 47s","true","false","That's My Boy","FOD","EauClaire1",,"rclkwi-39001","00:00:07:35:5A:A1","8245114910062014","1062","Not Assigned","V","3120000","1"
"05-May-2018 11:35:02 PM","05-May-2018 11:35:02 PM","0h 0m 0s","true","false","The Croods","FOD","EauClaire1",,"onlawi-36084","00:00:03:A1:2E:8E","8245114040083740","1062","Not Assigned","V","3120000","1"